orig_title,release_date,score_num,total_revenue,budget_num,revenue_date,daily_revenue,theaters,distributor,days_since_release,release_week
"Fantastic Beasts: The Crimes of Grindelwald",2018-11-22,69.0,648455339,200000000,2019-01-22,23456,288,"Warner Bros.",61,9
"Fantastic Beasts: The Crimes of Grindelwald",2018-11-22,69.0,648455339,200000000,2019-02-03,24214,189,"Warner Bros.",73,11
"The Perks of Being a Wallflower",2012-11-29,78.0,33069303,13000000,2013-01-25,8983,56,Lionsgate,57,9
Trainwreck,2015-07-30,58.0,141123897,35000000,2015-08-03,1330725,2960,"Universal Pictures",4,1
"Fantastic Beasts: The Crimes of Grindelwald",2018-11-22,69.0,648455339,200000000,2019-01-21,66663,288,"Warner Bros.",60,9
"Fantastic Beasts: The Crimes of Grindelwald",2018-11-22,69.0,648455339,200000000,2018-11-28,1392362,4163,"Warner Bros.",6,1
"The Perks of Being a Wallflower",2012-11-29,78.0,33069303,13000000,2012-12-13,17063,175,Lionsgate,14,3
"The Perks of Being a Wallflower",2012-11-29,78.0,33069303,13000000,2012-12-07,43396,175,Lionsgate,8,2
"Fantastic Beasts: The Crimes of Grindelwald",2018-11-22,69.0,648455339,200000000,2019-02-13,5146,149,"Warner Bros.",83,12
"The Perks of Being a Wallflower",2012-11-29,78.0,33069303,13000000,2013-01-16,6614,100,Lionsgate,48,7
"Justice League",2017-11-16,61.0,655945209,300000000,2018-03-10,13621,62,"Warner Bros.",114,17
Trainwreck,2015-07-30,58.0,141123897,35000000,2015-08-23,613260,1333,"Universal Pictures",24,4
"Justice League",2017-11-16,61.0,655945209,300000000,2018-03-07,3312,101,"Warner Bros.",111,16
"Fantastic Beasts: The Crimes of Grindelwald",2018-11-22,69.0,648455339,200000000,2019-02-20,5220,104,"Warner Bros.",90,13
"Justice League",2017-11-16,61.0,655945209,300000000,2018-01-05,160218,518,"Warner Bros.",50,8
"Fantastic Beasts: The Crimes of Grindelwald",2018-11-22,69.0,648455339,200000000,2019-01-27,46486,212,"Warner Bros.",66,10
"Fantastic Beasts: The Crimes of Grindelwald",2018-11-22,69.0,648455339,200000000,2018-12-12,593524,3451,"Warner Bros.",20,3
"Justice League",2017-11-16,61.0,655945209,300000000,2018-02-11,53243,188,"Warner Bros.",87,13
"The Perks of Being a Wallflower",2012-11-29,78.0,33069303,13000000,2012-12-20,16025,125,Lionsgate,21,4
"Fantastic Beasts: The Crimes of Grindelwald",2018-11-22,69.0,648455339,200000000,2018-12-13,538650,3451,"Warner Bros.",21,4
"Justice League",2017-11-16,61.0,655945209,300000000,2018-02-23,19687,137,"Warner Bros.",99,15
"Justice League",2017-11-16,61.0,655945209,300000000,2018-01-04,136477,1215,"Warner Bros.",49,8
"Fantastic Beasts: The Crimes of Grindelwald",2018-11-22,69.0,648455339,200000000,2018-12-02,3263348,3851,"Warner Bros.",10,2
"The Perks of Being a Wallflower",2012-11-29,78.0,33069303,13000000,2013-01-17,7001,100,Lionsgate,49,8
"Justice League",2017-11-16,61.0,655945209,300000000,2017-12-03,4666820,3820,"Warner Bros.",17,3
"Fantastic Beasts: The Crimes of Grindelwald",2018-11-22,69.0,648455339,200000000,2019-01-16,23804,275,"Warner Bros.",55,8
Trainwreck,2015-07-30,58.0,141123897,35000000,2015-09-29,18010,240,"Universal Pictures",61,9
"Justice League",2017-11-16,61.0,655945209,300000000,2017-12-14,562701,3508,"Warner Bros.",28,5
"The Perks of Being a Wallflower",2012-11-29,78.0,33069303,13000000,2013-01-05,33381,98,Lionsgate,37,6
"Fantastic Beasts: The Crimes of Grindelwald",2018-11-22,69.0,648455339,200000000,2018-11-30,3077332,3851,"Warner Bros.",8,2
Trainwreck,2015-07-30,58.0,141123897,35000000,2015-09-02,141200,957,"Universal Pictures",34,5
"Fantastic Beasts: The Crimes of Grindelwald",2018-11-22,69.0,648455339,200000000,2019-01-07,52212,401,"Warner Bros.",46,7
"Justice League",2017-11-16,61.0,655945209,300000000,2017-11-19,22690920,4051,"Warner Bros.",3,1
Trainwreck,2015-07-30,58.0,141123897,35000000,2015-10-10,25715,103,"Universal Pictures",72,11
"Justice League",2017-11-16,61.0,655945209,300000000,2018-02-06,16505,202,"Warner Bros.",82,12
"Fantastic Beasts: The Crimes of Grindelwald",2018-11-22,69.0,648455339,200000000,2019-02-10,22644,149,"Warner Bros.",80,12
Trainwreck,2015-07-30,58.0,141123897,35000000,2015-08-15,1638360,1998,"Universal Pictures",16,3
"Fantastic Beasts: The Crimes of Grindelwald",2018-11-22,69.0,648455339,200000000,2018-11-29,1365886,4163,"Warner Bros.",7,2
"Justice League",2017-11-16,61.0,655945209,300000000,2017-12-17,1368273,2702,"Warner Bros.",31,5
"The Perks of Being a Wallflower",2012-11-29,78.0,33069303,13000000,2013-01-27,7707,56,Lionsgate,59,9
Trainwreck,2015-07-30,58.0,141123897,35000000,2015-08-24,253270,1333,"Universal Pictures",25,4
Trainwreck,2015-07-30,58.0,141123897,35000000,2015-08-14,1178820,1998,"Universal Pictures",15,3
"Justice League",2017-11-16,61.0,655945209,300000000,2018-01-31,20441,244,"Warner Bros.",76,11
"Justice League",2017-11-16,61.0,655945209,300000000,2018-01-07,147362,518,"Warner Bros.",52,8
"The Perks of Being a Wallflower",2012-11-29,78.0,33069303,13000000,2013-02-03,2216,37,Lionsgate,66,10
Trainwreck,2015-07-30,58.0,141123897,35000000,2015-08-08,2587600,2525,"Universal Pictures",9,2
"Justice League",2017-11-16,61.0,655945209,300000000,2018-02-09,37022,188,"Warner Bros.",85,13
Trainwreck,2015-07-30,58.0,141123897,35000000,2015-09-17,59040,738,"Universal Pictures",49,8
"Justice League",2017-11-16,61.0,655945209,300000000,2018-01-09,53206,518,"Warner Bros.",54,8
"The Perks of Being a Wallflower",2012-11-29,78.0,33069303,13000000,2012-12-04,19783,189,Lionsgate,5,1
"Fantastic Beasts: The Crimes of Grindelwald",2018-11-22,69.0,648455339,200000000,2019-01-20,79012,288,"Warner Bros.",59,9
Trainwreck,2015-07-30,58.0,141123897,35000000,2015-10-08,9365,144,"Universal Pictures",70,11
"The Perks of Being a Wallflower",2012-11-29,78.0,33069303,13000000,2012-12-17,14364,125,Lionsgate,18,3
Trainwreck,2015-07-30,58.0,141123897,35000000,2015-10-02,26640,144,"Universal Pictures",64,10
"Justice League",2017-11-16,61.0,655945209,300000000,2017-11-20,7508311,4051,"Warner Bros.",4,1
Trainwreck,2015-07-30,58.0,141123897,35000000,2015-09-06,569640,808,"Universal Pictures",38,6
"Justice League",2017-11-16,61.0,655945209,300000000,2018-01-10,40350,518,"Warner Bros.",55,8
"The Perks of Being a Wallflower",2012-11-29,78.0,33069303,13000000,2013-01-06,20294,98,Lionsgate,38,6
"Fantastic Beasts: The Crimes of Grindelwald",2018-11-22,69.0,648455339,200000000,2019-01-03,151068,515,"Warner Bros.",42,7
"Justice League",2017-11-16,61.0,655945209,300000000,2018-01-27,142562,244,"Warner Bros.",72,11
Trainwreck,2015-07-30,58.0,141123897,35000000,2015-09-25,51615,240,"Universal Pictures",57,9
"Fantastic Beasts: The Crimes of Grindelwald",2018-11-22,69.0,648455339,200000000,2019-02-07,9286,189,"Warner Bros.",77,12
"Justice League",2017-11-16,61.0,655945209,300000000,2018-01-26,71368,244,"Warner Bros.",71,11
Trainwreck,2015-07-30,58.0,141123897,35000000,2015-08-20,409625,1998,"Universal Pictures",21,4
"The Perks of Being a Wallflower",2012-11-29,78.0,33069303,13000000,2012-12-02,50819,189,Lionsgate,3,1
Trainwreck,2015-07-30,58.0,141123897,35000000,2015-10-06,10825,144,"Universal Pictures",68,10
Trainwreck,2015-07-30,58.0,141123897,35000000,2015-08-26,238125,1333,"Universal Pictures",27,4
"Fantastic Beasts: The Crimes of Grindelwald",2018-11-22,69.0,648455339,200000000,2018-12-14,1022480,2606,"Warner Bros.",22,4
"Justice League",2017-11-16,61.0,655945209,300000000,2017-12-08,2539306,3508,"Warner Bros.",22,4
"The Perks of Being a Wallflower",2012-11-29,78.0,33069303,13000000,2012-11-29,29293,242,Lionsgate,0,1
"Justice League",2017-11-16,61.0,655945209,300000000,2018-02-21,8993,144,"Warner Bros.",97,14
Trainwreck,2015-07-30,58.0,141123897,35000000,2015-07-31,2930400,2960,"Universal Pictures",1,1
"Justice League",2017-11-16,61.0,655945209,300000000,2017-12-09,4370008,3508,"Warner Bros.",23,4
Trainwreck,2015-07-30,58.0,141123897,35000000,2015-09-03,141820,957,"Universal Pictures",35,6
"Fantastic Beasts: The Crimes of Grindelwald",2018-11-22,69.0,648455339,200000000,2019-01-09,46246,401,"Warner Bros.",48,7
"The Perks of Being a Wallflower",2012-11-29,78.0,33069303,13000000,2012-11-30,67431,189,Lionsgate,1,1
"Justice League",2017-11-16,61.0,655945209,300000000,2018-01-28,92858,244,"Warner Bros.",73,11
"Fantastic Beasts: The Crimes of Grindelwald",2018-11-22,69.0,648455339,200000000,2019-01-28,11355,212,"Warner Bros.",67,10
"Fantastic Beasts: The Crimes of Grindelwald",2018-11-22,69.0,648455339,200000000,2019-01-26,76183,212,"Warner Bros.",65,10
"The Perks of Being a Wallflower",2012-11-29,78.0,33069303,13000000,2012-12-18,16871,125,Lionsgate,19,3
"Justice League",2017-11-16,61.0,655945209,300000000,2017-11-21,10551093,4051,"Warner Bros.",5,1
"The Perks of Being a Wallflower",2012-11-29,78.0,33069303,13000000,2012-12-12,15564,175,Lionsgate,13,2
"The Perks of Being a Wallflower",2012-11-29,78.0,33069303,13000000,2013-01-21,11759,73,Lionsgate,53,8
"Justice League",2017-11-16,61.0,655945209,300000000,2018-03-09,6190,62,"Warner Bros.",113,17
Trainwreck,2015-07-30,58.0,141123897,35000000,2015-09-27,28880,240,"Universal Pictures",59,9
"Justice League",2017-11-16,61.0,655945209,300000000,2018-03-03,23453,101,"Warner Bros.",107,16
Trainwreck,2015-07-30,58.0,141123897,35000000,2015-08-01,3892550,2960,"Universal Pictures",2,1
"Justice League",2017-11-16,61.0,655945209,300000000,2018-03-11,10207,62,"Warner Bros.",115,17
"Fantastic Beasts: The Crimes of Grindelwald",2018-11-22,69.0,648455339,200000000,2018-11-25,6489849,4163,"Warner Bros.",3,1
"The Perks of Being a Wallflower",2012-11-29,78.0,33069303,13000000,2013-01-18,13189,73,Lionsgate,50,8
"Fantastic Beasts: The Crimes of Grindelwald",2018-11-22,69.0,648455339,200000000,2019-02-18,16356,104,"Warner Bros.",88,13
"Justice League",2017-11-16,61.0,655945209,300000000,2017-11-28,2958689,4051,"Warner Bros.",12,2
"The Perks of Being a Wallflower",2012-11-29,78.0,33069303,13000000,2012-12-27,25260,126,Lionsgate,28,5
"The Perks of Being a Wallflower",2012-11-29,78.0,33069303,13000000,2012-12-05,19830,189,Lionsgate,6,1
Trainwreck,2015-07-30,58.0,141123897,35000000,2015-10-13,7675,103,"Universal Pictures",75,11
"The Perks of Being a Wallflower",2012-11-29,78.0,33069303,13000000,2013-01-24,4992,73,Lionsgate,56,9
Trainwreck,2015-07-30,58.0,141123897,35000000,2015-10-09,18560,103,"Universal Pictures",71,11
"Justice League",2017-11-16,61.0,655945209,300000000,2018-03-04,16202,101,"Warner Bros.",108,16
"The Perks of Being a Wallflower",2012-11-29,78.0,33069303,13000000,2013-01-28,2367,56,Lionsgate,60,9
"The Perks of Being a Wallflower",2012-11-29,78.0,33069303,13000000,2013-02-05,1078,37,Lionsgate,68,10
"Fantastic Beasts: The Crimes of Grindelwald",2018-11-22,69.0,648455339,200000000,2019-01-01,296067,515,"Warner Bros.",40,6
"Fantastic Beasts: The Crimes of Grindelwald",2018-11-22,69.0,648455339,200000000,2019-02-21,5531,104,"Warner Bros.",91,14
"Fantastic Beasts: The Crimes of Grindelwald",2018-11-22,69.0,648455339,200000000,2019-01-30,10826,212,"Warner Bros.",69,10
"Fantastic Beasts: The Crimes of Grindelwald",2018-11-22,69.0,648455339,200000000,2018-12-29,347488,515,"Warner Bros.",37,6
Trainwreck,2015-07-30,58.0,141123897,35000000,2015-08-13,631250,2525,"Universal Pictures",14,3
"Fantastic Beasts: The Crimes of Grindelwald",2018-11-22,69.0,648455339,200000000,2018-12-30,311634,515,"Warner Bros.",38,6
"Fantastic Beasts: The Crimes of Grindelwald",2018-11-22,69.0,648455339,200000000,2019-01-12,129224,275,"Warner Bros.",51,8
"Fantastic Beasts: The Crimes of Grindelwald",2018-11-22,69.0,648455339,200000000,2018-12-19,401263,2606,"Warner Bros.",27,4
"Justice League",2017-11-16,61.0,655945209,300000000,2018-03-01,5914,137,"Warner Bros.",105,16
"Justice League",2017-11-16,61.0,655945209,300000000,2018-02-17,56947,144,"Warner Bros.",93,14
Trainwreck,2015-07-30,58.0,141123897,35000000,2015-09-26,78015,240,"Universal Pictures",58,9
"Fantastic Beasts: The Crimes of Grindelwald",2018-11-22,69.0,648455339,200000000,2019-01-06,163069,401,"Warner Bros.",45,7
"The Perks of Being a Wallflower",2012-11-29,78.0,33069303,13000000,2012-12-08,59260,175,Lionsgate,9,2
"The Perks of Being a Wallflower",2012-11-29,78.0,33069303,13000000,2013-01-12,28625,100,Lionsgate,44,7
"Fantastic Beasts: The Crimes of Grindelwald",2018-11-22,69.0,648455339,200000000,2019-02-01,27088,189,"Warner Bros.",71,11
"Justice League",2017-11-16,61.0,655945209,300000000,2018-02-03,102834,202,"Warner Bros.",79,12
Trainwreck,2015-07-30,58.0,141123897,35000000,2015-09-13,184525,738,"Universal Pictures",45,7
"Justice League",2017-11-16,61.0,655945209,300000000,2017-11-26,8898008,4051,"Warner Bros.",10,2
"Justice League",2017-11-16,61.0,655945209,300000000,2018-01-06,249271,518,"Warner Bros.",51,8
"The Perks of Being a Wallflower",2012-11-29,78.0,33069303,13000000,2013-01-14,6511,100,Lionsgate,46,7
"Justice League",2017-11-16,61.0,655945209,300000000,2017-12-31,276222,1215,"Warner Bros.",45,7
"Justice League",2017-11-16,61.0,655945209,300000000,2018-03-02,11504,101,"Warner Bros.",106,16
"Fantastic Beasts: The Crimes of Grindelwald",2018-11-22,69.0,648455339,200000000,2018-11-23,11604272,4163,"Warner Bros.",1,1
"Justice League",2017-11-16,61.0,655945209,300000000,2017-12-10,2754983,3508,"Warner Bros.",24,4
Trainwreck,2015-07-30,58.0,141123897,35000000,2015-09-21,40425,539,"Universal Pictures",53,8
"Justice League",2017-11-16,61.0,655945209,300000000,2017-12-18,521345,2702,"Warner Bros.",32,5
"Justice League",2017-11-16,61.0,655945209,300000000,2018-02-08,15256,202,"Warner Bros.",84,13
"Justice League",2017-11-16,61.0,655945209,300000000,2017-11-25,15752222,4051,"Warner Bros.",9,2
Trainwreck,2015-07-30,58.0,141123897,35000000,2015-09-18,139940,539,"Universal Pictures",50,8
Trainwreck,2015-07-30,58.0,141123897,35000000,2015-09-05,561560,808,"Universal Pictures",37,6
"The Perks of Being a Wallflower",2012-11-29,78.0,33069303,13000000,2013-01-15,6332,100,Lionsgate,47,7
Trainwreck,2015-07-30,58.0,141123897,35000000,2015-09-28,14395,240,"Universal Pictures",60,9
"The Perks of Being a Wallflower",2012-11-29,78.0,33069303,13000000,2012-12-16,25286,125,Lionsgate,17,3
"Justice League",2017-11-16,61.0,655945209,300000000,2018-01-03,178230,1215,"Warner Bros.",48,7
"Fantastic Beasts: The Crimes of Grindelwald",2018-11-22,69.0,648455339,200000000,2019-01-08,68032,401,"Warner Bros.",47,7
Trainwreck,2015-07-30,58.0,141123897,35000000,2015-09-15,85120,738,"Universal Pictures",47,7
"Justice League",2017-11-16,61.0,655945209,300000000,2018-01-13,109313,226,"Warner Bros.",58,9
"Fantastic Beasts: The Crimes of Grindelwald",2018-11-22,69.0,648455339,200000000,2019-01-04,200158,401,"Warner Bros.",43,7
"Justice League",2017-11-16,61.0,655945209,300000000,2018-01-29,21020,244,"Warner Bros.",74,11
"Fantastic Beasts: The Crimes of Grindelwald",2018-11-22,69.0,648455339,200000000,2018-12-28,328579,515,"Warner Bros.",36,6
"Justice League",2017-11-16,61.0,655945209,300000000,2018-01-21,32067,151,"Warner Bros.",66,10
"Justice League",2017-11-16,61.0,655945209,300000000,2017-12-30,489275,1215,"Warner Bros.",44,7
"Justice League",2017-11-16,61.0,655945209,300000000,2018-01-01,366874,1215,"Warner Bros.",46,7
"The Perks of Being a Wallflower",2012-11-29,78.0,33069303,13000000,2013-01-09,7844,98,Lionsgate,41,6
"Justice League",2017-11-16,61.0,655945209,300000000,2017-12-02,7439921,3820,"Warner Bros.",16,3
"The Perks of Being a Wallflower",2012-11-29,78.0,33069303,13000000,2013-01-03,21096,125,Lionsgate,35,6
"The Perks of Being a Wallflower",2012-11-29,78.0,33069303,13000000,2013-01-31,3131,56,Lionsgate,63,10
"Fantastic Beasts: The Crimes of Grindelwald",2018-11-22,69.0,648455339,200000000,2018-12-09,2049138,3451,"Warner Bros.",17,3
"Fantastic Beasts: The Crimes of Grindelwald",2018-11-22,69.0,648455339,200000000,2019-02-17,19967,104,"Warner Bros.",87,13
"Justice League",2017-11-16,61.0,655945209,300000000,2018-01-02,247763,1215,"Warner Bros.",47,7
"The Perks of Being a Wallflower",2012-11-29,78.0,33069303,13000000,2013-02-06,1075,37,Lionsgate,69,10
Trainwreck,2015-07-30,58.0,141123897,35000000,2015-09-20,89110,539,"Universal Pictures",52,8
"Justice League",2017-11-16,61.0,655945209,300000000,2017-11-18,32680117,4051,"Warner Bros.",2,1
"Fantastic Beasts: The Crimes of Grindelwald",2018-11-22,69.0,648455339,200000000,2018-12-04,1362122,3851,"Warner Bros.",12,2
"Justice League",2017-11-16,61.0,655945209,300000000,2018-02-24,39102,137,"Warner Bros.",100,15
"Justice League",2017-11-16,61.0,655945209,300000000,2017-12-15,1063461,2702,"Warner Bros.",29,5
"The Perks of Being a Wallflower",2012-11-29,78.0,33069303,13000000,2012-12-10,12878,175,Lionsgate,11,2
"Justice League",2017-11-16,61.0,655945209,300000000,2018-02-26,4923,137,"Warner Bros.",102,15
"Fantastic Beasts: The Crimes of Grindelwald",2018-11-22,69.0,648455339,200000000,2019-02-02,57670,189,"Warner Bros.",72,11
Trainwreck,2015-07-30,58.0,141123897,35000000,2015-09-10,92920,808,"Universal Pictures",42,7
"Justice League",2017-11-16,61.0,655945209,300000000,2017-12-11,743328,3508,"Warner Bros.",25,4
"The Perks of Being a Wallflower",2012-11-29,78.0,33069303,13000000,2012-12-14,26037,125,Lionsgate,15,3
Trainwreck,2015-07-30,58.0,141123897,35000000,2015-08-05,1244100,2960,"Universal Pictures",6,1
Trainwreck,2015-07-30,58.0,141123897,35000000,2015-08-12,732250,2525,"Universal Pictures",13,2
"Justice League",2017-11-16,61.0,655945209,300000000,2018-01-16,20746,226,"Warner Bros.",61,9
"Justice League",2017-11-16,61.0,655945209,300000000,2018-03-15,4689,62,"Warner Bros.",119,18
"Justice League",2017-11-16,61.0,655945209,300000000,2018-02-25,26467,137,"Warner Bros.",101,15
"Fantastic Beasts: The Crimes of Grindelwald",2018-11-22,69.0,648455339,200000000,2019-02-08,16712,149,"Warner Bros.",78,12
"Justice League",2017-11-16,61.0,655945209,300000000,2017-11-22,10448116,4051,"Warner Bros.",6,1
Trainwreck,2015-07-30,58.0,141123897,35000000,2015-09-12,457560,738,"Universal Pictures",44,7
"Justice League",2017-11-16,61.0,655945209,300000000,2018-02-04,39568,202,"Warner Bros.",80,12
"Justice League",2017-11-16,61.0,655945209,300000000,2018-01-20,61192,151,"Warner Bros.",65,10
Trainwreck,2015-07-30,58.0,141123897,35000000,2015-10-04,17280,144,"Universal Pictures",66,10
Trainwreck,2015-07-30,58.0,141123897,35000000,2015-09-23,43120,539,"Universal Pictures",55,8
"Justice League",2017-11-16,61.0,655945209,300000000,2018-02-28,4909,137,"Warner Bros.",104,15
"Justice League",2017-11-16,61.0,655945209,300000000,2017-12-25,435091,1101,"Warner Bros.",39,6
"Justice League",2017-11-16,61.0,655945209,300000000,2017-12-16,1877491,2702,"Warner Bros.",30,5
"Fantastic Beasts: The Crimes of Grindelwald",2018-11-22,69.0,648455339,200000000,2018-12-31,232158,515,"Warner Bros.",39,6
"Fantastic Beasts: The Crimes of Grindelwald",2018-11-22,69.0,648455339,200000000,2018-12-27,286569,515,"Warner Bros.",35,6
Trainwreck,2015-07-30,58.0,141123897,35000000,2015-09-30,15595,240,"Universal Pictures",62,9
"Fantastic Beasts: The Crimes of Grindelwald",2018-11-22,69.0,648455339,200000000,2019-01-17,17566,275,"Warner Bros.",56,9
"The Perks of Being a Wallflower",2012-11-29,78.0,33069303,13000000,2012-12-30,30270,125,Lionsgate,31,5
"Justice League",2017-11-16,61.0,655945209,300000000,2018-03-06,4050,101,"Warner Bros.",110,16
Trainwreck,2015-07-30,58.0,141123897,35000000,2015-08-27,226070,1333,"Universal Pictures",28,5
"Justice League",2017-11-16,61.0,655945209,300000000,2018-02-18,46554,144,"Warner Bros.",94,14
Trainwreck,2015-07-30,58.0,141123897,35000000,2015-09-19,223710,539,"Universal Pictures",51,8
"The Perks of Being a Wallflower",2012-11-29,78.0,33069303,13000000,2012-12-31,16228,125,Lionsgate,32,5
"Fantastic Beasts: The Crimes of Grindelwald",2018-11-22,69.0,648455339,200000000,2019-02-15,12364,104,"Warner Bros.",85,13
"Justice League",2017-11-16,61.0,655945209,300000000,2017-11-24,16440261,4051,"Warner Bros.",8,2
"The Perks of Being a Wallflower",2012-11-29,78.0,33069303,13000000,2012-12-24,11317,141,Lionsgate,25,4
"Justice League",2017-11-16,61.0,655945209,300000000,2018-02-07,13371,202,"Warner Bros.",83,12
"Justice League",2017-11-16,61.0,655945209,300000000,2018-02-10,80304,188,"Warner Bros.",86,13
"Fantastic Beasts: The Crimes of Grindelwald",2018-11-22,69.0,648455339,200000000,2018-12-11,923392,3451,"Warner Bros.",19,3
Trainwreck,2015-07-30,58.0,141123897,35000000,2015-08-31,147945,957,"Universal Pictures",32,5
"Justice League",2017-11-16,61.0,655945209,300000000,2018-02-16,28791,144,"Warner Bros.",92,14
"Justice League",2017-11-16,61.0,655945209,300000000,2017-11-27,2103667,4051,"Warner Bros.",11,2
"Justice League",2017-11-16,61.0,655945209,300000000,2017-12-01,4544363,3820,"Warner Bros.",15,3
Trainwreck,2015-07-30,58.0,141123897,35000000,2015-09-07,327560,808,"Universal Pictures",39,6
"Fantastic Beasts: The Crimes of Grindelwald",2018-11-22,69.0,648455339,200000000,2019-01-14,23072,275,"Warner Bros.",53,8
Trainwreck,2015-07-30,58.0,141123897,35000000,2015-08-21,773570,1333,"Universal Pictures",22,4
Trainwreck,2015-07-30,58.0,141123897,35000000,2015-09-24,35035,539,"Universal Pictures",56,9
"Justice League",2017-11-16,61.0,655945209,300000000,2017-12-05,1719702,3820,"Warner Bros.",19,3
"Fantastic Beasts: The Crimes of Grindelwald",2018-11-22,69.0,648455339,200000000,2019-01-25,37900,212,"Warner Bros.",64,10
"Justice League",2017-11-16,61.0,655945209,300000000,2018-02-22,10046,144,"Warner Bros.",98,15
"Fantastic Beasts: The Crimes of Grindelwald",2018-11-22,69.0,648455339,200000000,2018-11-22,6192290,4163,"Warner Bros.",0,1
Trainwreck,2015-07-30,58.0,141123897,35000000,2015-08-28,493105,957,"Universal Pictures",29,5
Trainwreck,2015-07-30,58.0,141123897,35000000,2015-08-06,1086800,2960,"Universal Pictures",7,2
"Justice League",2017-11-16,61.0,655945209,300000000,2018-01-12,57722,226,"Warner Bros.",57,9
"The Perks of Being a Wallflower",2012-11-29,78.0,33069303,13000000,2012-12-19,14363,125,Lionsgate,20,3
"Justice League",2017-11-16,61.0,655945209,300000000,2017-12-23,444611,1101,"Warner Bros.",37,6
"Fantastic Beasts: The Crimes of Grindelwald",2018-11-22,69.0,648455339,200000000,2018-12-20,309750,2606,"Warner Bros.",28,5
"The Perks of Being a Wallflower",2012-11-29,78.0,33069303,13000000,2012-12-09,35842,175,Lionsgate,10,2
"Justice League",2017-11-16,61.0,655945209,300000000,2018-01-14,88252,226,"Warner Bros.",59,9
"The Perks of Being a Wallflower",2012-11-29,78.0,33069303,13000000,2012-12-23,25714,141,Lionsgate,24,4
"Justice League",2017-11-16,61.0,655945209,300000000,2017-11-17,38471202,4051,"Warner Bros.",1,1
"Justice League",2017-11-16,61.0,655945209,300000000,2018-01-25,10226,151,"Warner Bros.",70,11
"The Perks of Being a Wallflower",2012-11-29,78.0,33069303,13000000,2013-02-07,1133,37,Lionsgate,70,11
"The Perks of Being a Wallflower",2012-11-29,78.0,33069303,13000000,2013-01-02,21072,125,Lionsgate,34,5
Trainwreck,2015-07-30,58.0,141123897,35000000,2015-08-19,480015,1998,"Universal Pictures",20,3
"The Perks of Being a Wallflower",2012-11-29,78.0,33069303,13000000,2013-02-01,4747,37,Lionsgate,64,10
"Fantastic Beasts: The Crimes of Grindelwald",2018-11-22,69.0,648455339,200000000,2018-12-06,805933,3851,"Warner Bros.",14,3
"Fantastic Beasts: The Crimes of Grindelwald",2018-11-22,69.0,648455339,200000000,2018-12-25,247574,515,"Warner Bros.",33,5
Trainwreck,2015-07-30,58.0,141123897,35000000,2015-08-10,783855,2525,"Universal Pictures",11,2
Trainwreck,2015-07-30,58.0,141123897,35000000,2015-10-15,7260,103,"Universal Pictures",77,12
"Justice League",2017-11-16,61.0,655945209,300000000,2017-11-30,1887354,4051,"Warner Bros.",14,3
"The Perks of Being a Wallflower",2012-11-29,78.0,33069303,13000000,2012-12-01,94251,189,Lionsgate,2,1
"Fantastic Beasts: The Crimes of Grindelwald",2018-11-22,69.0,648455339,200000000,2019-01-02,179579,515,"Warner Bros.",41,6
"Fantastic Beasts: The Crimes of Grindelwald",2018-11-22,69.0,648455339,200000000,2019-01-31,13353,212,"Warner Bros.",70,11
"Fantastic Beasts: The Crimes of Grindelwald",2018-11-22,69.0,648455339,200000000,2018-12-18,658296,2606,"Warner Bros.",26,4
"Justice League",2017-11-16,61.0,655945209,300000000,2018-02-19,27771,144,"Warner Bros.",95,14
Trainwreck,2015-07-30,58.0,141123897,35000000,2015-08-17,489320,1998,"Universal Pictures",18,3
"Justice League",2017-11-16,61.0,655945209,300000000,2018-02-15,12053,188,"Warner Bros.",91,14
"Fantastic Beasts: The Crimes of Grindelwald",2018-11-22,69.0,648455339,200000000,2019-01-18,60864,288,"Warner Bros.",57,9
"Justice League",2017-11-16,61.0,655945209,300000000,2018-02-27,5629,137,"Warner Bros.",103,15
Trainwreck,2015-07-30,58.0,141123897,35000000,2015-08-29,779910,957,"Universal Pictures",30,5
"The Perks of Being a Wallflower",2012-11-29,78.0,33069303,13000000,2012-12-15,36136,125,Lionsgate,16,3
Trainwreck,2015-07-30,58.0,141123897,35000000,2015-10-11,13920,103,"Universal Pictures",73,11
"The Perks of Being a Wallflower",2012-11-29,78.0,33069303,13000000,2012-12-21,22039,141,Lionsgate,22,4
Trainwreck,2015-07-30,58.0,141123897,35000000,2015-09-11,269370,738,"Universal Pictures",43,7
"Fantastic Beasts: The Crimes of Grindelwald",2018-11-22,69.0,648455339,200000000,2018-11-24,11281377,4163,"Warner Bros.",2,1
"Fantastic Beasts: The Crimes of Grindelwald",2018-11-22,69.0,648455339,200000000,2019-02-11,5833,149,"Warner Bros.",81,12
"Justice League",2017-11-16,61.0,655945209,300000000,2018-02-02,51924,202,"Warner Bros.",78,12
Trainwreck,2015-07-30,58.0,141123897,35000000,2015-08-07,1893020,2525,"Universal Pictures",8,2
"Fantastic Beasts: The Crimes of Grindelwald",2018-11-22,69.0,648455339,200000000,2018-12-10,591474,3451,"Warner Bros.",18,3
"Justice League",2017-11-16,61.0,655945209,300000000,2018-01-11,34704,518,"Warner Bros.",56,9
Trainwreck,2015-07-30,58.0,141123897,35000000,2015-09-09,96960,808,"Universal Pictures",41,6
Trainwreck,2015-07-30,58.0,141123897,35000000,2015-09-22,48510,539,"Universal Pictures",54,8
Trainwreck,2015-07-30,58.0,141123897,35000000,2015-10-03,38160,144,"Universal Pictures",65,10
"Fantastic Beasts: The Crimes of Grindelwald",2018-11-22,69.0,648455339,200000000,2019-01-11,72304,275,"Warner Bros.",50,8
"The Perks of Being a Wallflower",2012-11-29,78.0,33069303,13000000,2012-12-06,21414,189,Lionsgate,7,2
"Justice League",2017-11-16,61.0,655945209,300000000,2017-12-26,430207,1101,"Warner Bros.",40,6
"Justice League",2017-11-16,61.0,655945209,300000000,2017-12-06,1117032,3820,"Warner Bros.",20,3
"The Perks of Being a Wallflower",2012-11-29,78.0,33069303,13000000,2013-01-01,28065,125,Lionsgate,33,5
"Fantastic Beasts: The Crimes of Grindelwald",2018-11-22,69.0,648455339,200000000,2018-12-23,322248,682,"Warner Bros.",31,5
"Fantastic Beasts: The Crimes of Grindelwald",2018-11-22,69.0,648455339,200000000,2019-02-16,24495,104,"Warner Bros.",86,13
"Justice League",2017-11-16,61.0,655945209,300000000,2018-01-30,23662,244,"Warner Bros.",75,11
Trainwreck,2015-07-30,58.0,141123897,35000000,2015-10-05,5760,144,"Universal Pictures",67,10
"Justice League",2017-11-16,61.0,655945209,300000000,2018-01-18,14897,226,"Warner Bros.",63,10
"Justice League",2017-11-16,61.0,655945209,300000000,2017-12-20,406036,2208,"Warner Bros.",34,5
"The Perks of Being a Wallflower",2012-11-29,78.0,33069303,13000000,2013-01-22,3869,73,Lionsgate,54,8
"Justice League",2017-11-16,61.0,655945209,300000000,2018-02-12,12854,188,"Warner Bros.",88,13
"Justice League",2017-11-16,61.0,655945209,300000000,2018-03-08,3854,101,"Warner Bros.",112,17
"Justice League",2017-11-16,61.0,655945209,300000000,2017-12-13,756273,3508,"Warner Bros.",27,4
"The Perks of Being a Wallflower",2012-11-29,78.0,33069303,13000000,2013-01-29,2507,56,Lionsgate,61,9
"The Perks of Being a Wallflower",2012-11-29,78.0,33069303,13000000,2013-01-19,22103,73,Lionsgate,51,8
"Justice League",2017-11-16,61.0,655945209,300000000,2017-12-22,378357,1101,"Warner Bros.",36,6
"Justice League",2017-11-16,61.0,655945209,300000000,2018-01-08,45193,518,"Warner Bros.",53,8
Trainwreck,2015-07-30,58.0,141123897,35000000,2015-10-14,7210,103,"Universal Pictures",76,11
Trainwreck,2015-07-30,58.0,141123897,35000000,2015-08-30,397335,957,"Universal Pictures",31,5
"Justice League",2017-11-16,61.0,655945209,300000000,2017-12-29,431832,1215,"Warner Bros.",43,7
"Fantastic Beasts: The Crimes of Grindelwald",2018-11-22,69.0,648455339,200000000,2019-01-19,112581,288,"Warner Bros.",58,9
"The Perks of Being a Wallflower",2012-11-29,78.0,33069303,13000000,2013-01-20,16138,73,Lionsgate,52,8
"The Perks of Being a Wallflower",2012-11-29,78.0,33069303,13000000,2013-02-04,1092,37,Lionsgate,67,10
Trainwreck,2015-07-30,58.0,141123897,35000000,2015-08-09,1666530,2525,"Universal Pictures",10,2
"Fantastic Beasts: The Crimes of Grindelwald",2018-11-22,69.0,648455339,200000000,2018-12-05,903248,3851,"Warner Bros.",13,2
Trainwreck,2015-07-30,58.0,141123897,35000000,2015-10-07,10120,144,"Universal Pictures",69,10
Trainwreck,2015-07-30,58.0,141123897,35000000,2015-10-01,11890,240,"Universal Pictures",63,10
"Justice League",2017-11-16,61.0,655945209,300000000,2018-01-15,61041,226,"Warner Bros.",60,9
"Fantastic Beasts: The Secrets of Dumbledore",2022-04-07,68.0,404560145,200000000,2022-04-15,20000000,4208,"Warner Bros.",8,2
"Fantastic Beasts: The Secrets of Dumbledore",2022-04-07,68.0,404560145,200000000,2022-04-16,13810828,4208,"Warner Bros.",9,2
"Fantastic Beasts: The Secrets of Dumbledore",2022-04-07,68.0,404560145,200000000,2022-04-17,8313094,4208,"Warner Bros.",10,2
"Fantastic Beasts: The Secrets of Dumbledore",2022-04-07,68.0,404560145,200000000,2022-04-18,3681286,4208,"Warner Bros.",11,2
"Fantastic Beasts: The Secrets of Dumbledore",2022-04-07,68.0,404560145,200000000,2022-04-19,3215723,4208,"Warner Bros.",12,2
"Fantastic Beasts: The Secrets of Dumbledore",2022-04-07,68.0,404560145,200000000,2022-04-20,2144191,4208,"Warner Bros.",13,2
"Fantastic Beasts: The Secrets of Dumbledore",2022-04-07,68.0,404560145,200000000,2022-04-21,1924294,4208,"Warner Bros.",14,3
"Fantastic Beasts: The Secrets of Dumbledore",2022-04-07,68.0,404560145,200000000,2022-04-22,4110000,4245,"Warner Bros.",15,3
"Fantastic Beasts: The Secrets of Dumbledore",2022-04-07,68.0,404560145,200000000,2022-04-23,5971182,4245,"Warner Bros.",16,3
"Fantastic Beasts: The Secrets of Dumbledore",2022-04-07,68.0,404560145,200000000,2022-04-24,4000488,4245,"Warner Bros.",17,3
"Fantastic Beasts: The Secrets of Dumbledore",2022-04-07,68.0,404560145,200000000,2022-04-25,1001124,4245,"Warner Bros.",18,3
"Fantastic Beasts: The Secrets of Dumbledore",2022-04-07,68.0,404560145,200000000,2022-04-26,1302556,4245,"Warner Bros.",19,3
"Fantastic Beasts: The Secrets of Dumbledore",2022-04-07,68.0,404560145,200000000,2022-04-27,928132,4245,"Warner Bros.",20,3
"Fantastic Beasts: The Secrets of Dumbledore",2022-04-07,68.0,404560145,200000000,2022-04-28,901836,4245,"Warner Bros.",21,4
"Fantastic Beasts: The Secrets of Dumbledore",2022-04-07,68.0,404560145,200000000,2022-04-29,2135000,3962,"Warner Bros.",22,4
"Fantastic Beasts: The Secrets of Dumbledore",2022-04-07,68.0,404560145,200000000,2022-04-30,3757708,3962,"Warner Bros.",23,4
"Fantastic Beasts: The Secrets of Dumbledore",2022-04-07,68.0,404560145,200000000,2022-05-01,2398451,3962,"Warner Bros.",24,4
"Fantastic Beasts: The Secrets of Dumbledore",2022-04-07,68.0,404560145,200000000,2022-05-02,676314,3962,"Warner Bros.",25,4
"Fantastic Beasts: The Secrets of Dumbledore",2022-04-07,68.0,404560145,200000000,2022-05-03,833752,3962,"Warner Bros.",26,4
"Fantastic Beasts: The Secrets of Dumbledore",2022-04-07,68.0,404560145,200000000,2022-05-04,608324,3962,"Warner Bros.",27,4
"Fantastic Beasts: The Secrets of Dumbledore",2022-04-07,68.0,404560145,200000000,2022-05-05,380608,3962,"Warner Bros.",28,5
"Fantastic Beasts: The Secrets of Dumbledore",2022-04-07,68.0,404560145,200000000,2022-05-06,1045000,3051,"Warner Bros.",29,5
"Fantastic Beasts: The Secrets of Dumbledore",2022-04-07,68.0,404560145,200000000,2022-05-07,1671388,3051,"Warner Bros.",30,5
"Fantastic Beasts: The Secrets of Dumbledore",2022-04-07,68.0,404560145,200000000,2022-05-08,1547201,3051,"Warner Bros.",31,5
"Fantastic Beasts: The Secrets of Dumbledore",2022-04-07,68.0,404560145,200000000,2022-05-09,319431,3051,"Warner Bros.",32,5
"Fantastic Beasts: The Secrets of Dumbledore",2022-04-07,68.0,404560145,200000000,2022-05-10,392226,3051,"Warner Bros.",33,5
"Fantastic Beasts: The Secrets of Dumbledore",2022-04-07,68.0,404560145,200000000,2022-05-11,309437,3051,"Warner Bros.",34,5
"Fantastic Beasts: The Secrets of Dumbledore",2022-04-07,68.0,404560145,200000000,2022-05-12,281177,3051,"Warner Bros.",35,6
"Fantastic Beasts: The Secrets of Dumbledore",2022-04-07,68.0,404560145,200000000,2022-05-13,640000,2578,"Warner Bros.",36,6
"Fantastic Beasts: The Secrets of Dumbledore",2022-04-07,68.0,404560145,200000000,2022-05-14,1111374,2578,"Warner Bros.",37,6
"Fantastic Beasts: The Secrets of Dumbledore",2022-04-07,68.0,404560145,200000000,2022-05-15,784631,2578,"Warner Bros.",38,6
"Fantastic Beasts: The Secrets of Dumbledore",2022-04-07,68.0,404560145,200000000,2022-05-16,235391,2578,"Warner Bros.",39,6
"Fantastic Beasts: The Secrets of Dumbledore",2022-04-07,68.0,404560145,200000000,2022-05-17,289764,2578,"Warner Bros.",40,6
"Fantastic Beasts: The Secrets of Dumbledore",2022-04-07,68.0,404560145,200000000,2022-05-18,230636,2578,"Warner Bros.",41,6
"Fantastic Beasts: The Secrets of Dumbledore",2022-04-07,68.0,404560145,200000000,2022-05-19,227234,2578,"Warner Bros.",42,7
"Fantastic Beasts: The Secrets of Dumbledore",2022-04-07,68.0,404560145,200000000,2022-05-20,500000,1923,"Warner Bros.",43,7
"Fantastic Beasts: The Secrets of Dumbledore",2022-04-07,68.0,404560145,200000000,2022-05-21,823614,1923,"Warner Bros.",44,7
"Fantastic Beasts: The Secrets of Dumbledore",2022-04-07,68.0,404560145,200000000,2022-05-22,618985,1923,"Warner Bros.",45,7
"Fantastic Beasts: The Secrets of Dumbledore",2022-04-07,68.0,404560145,200000000,2022-05-23,223602,1923,"Warner Bros.",46,7
"Fantastic Beasts: The Secrets of Dumbledore",2022-04-07,68.0,404560145,200000000,2022-05-24,219507,1923,"Warner Bros.",47,7
"Fantastic Beasts: The Secrets of Dumbledore",2022-04-07,68.0,404560145,200000000,2022-05-25,201727,1923,"Warner Bros.",48,7
"Fantastic Beasts: The Secrets of Dumbledore",2022-04-07,68.0,404560145,200000000,2022-05-26,131127,1923,"Warner Bros.",49,8
"Fantastic Beasts: The Secrets of Dumbledore",2022-04-07,68.0,404560145,200000000,2022-05-27,235000,887,"Warner Bros.",50,8
"Fantastic Beasts: The Secrets of Dumbledore",2022-04-07,68.0,404560145,200000000,2022-05-28,335000,887,"Warner Bros.",51,8
"Fantastic Beasts: The Secrets of Dumbledore",2022-04-07,68.0,404560145,200000000,2022-05-29,265342,887,"Warner Bros.",52,8
"Fantastic Beasts: The Secrets of Dumbledore",2022-04-07,68.0,404560145,200000000,2022-05-30,228497,887,"Warner Bros.",53,8
"Fantastic Beasts: The Secrets of Dumbledore",2022-04-07,68.0,404560145,200000000,2022-05-31,78194,887,"Warner Bros.",54,8
"Fantastic Beasts: The Secrets of Dumbledore",2022-04-07,68.0,404560145,200000000,2022-06-01,63157,887,"Warner Bros.",55,8
"Fantastic Beasts: The Secrets of Dumbledore",2022-04-07,68.0,404560145,200000000,2022-06-02,58311,887,"Warner Bros.",56,9
"Fantastic Beasts: The Secrets of Dumbledore",2022-04-07,68.0,404560145,200000000,2022-06-03,105000,625,"Warner Bros.",57,9
"Fantastic Beasts: The Secrets of Dumbledore",2022-04-07,68.0,404560145,200000000,2022-06-04,155777,625,"Warner Bros.",58,9
"Fantastic Beasts: The Secrets of Dumbledore",2022-04-07,68.0,404560145,200000000,2022-06-05,100658,625,"Warner Bros.",59,9
"Fantastic Beasts: The Secrets of Dumbledore",2022-04-07,68.0,404560145,200000000,2022-06-06,38921,625,"Warner Bros.",60,9
"Fantastic Beasts: The Secrets of Dumbledore",2022-04-07,68.0,404560145,200000000,2022-06-07,50031,625,"Warner Bros.",61,9
"Fantastic Beasts: The Secrets of Dumbledore",2022-04-07,68.0,404560145,200000000,2022-06-08,40784,625,"Warner Bros.",62,9
"Fantastic Beasts: The Secrets of Dumbledore",2022-04-07,68.0,404560145,200000000,2022-06-09,22104,625,"Warner Bros.",63,10
"Fantastic Beasts: The Secrets of Dumbledore",2022-04-07,68.0,404560145,200000000,2022-06-11,39156,204,"Warner Bros.",65,10
"Fantastic Beasts: The Secrets of Dumbledore",2022-04-07,68.0,404560145,200000000,2022-06-12,28801,204,"Warner Bros.",66,10
"Fantastic Beasts: The Secrets of Dumbledore",2022-04-07,68.0,404560145,200000000,2022-06-13,9022,204,"Warner Bros.",67,10
"Fantastic Beasts: The Secrets of Dumbledore",2022-04-07,68.0,404560145,200000000,2022-06-14,13092,204,"Warner Bros.",68,10
"Fantastic Beasts: The Secrets of Dumbledore",2022-04-07,68.0,404560145,200000000,2022-06-15,9377,204,"Warner Bros.",69,10
"Fantastic Beasts: The Secrets of Dumbledore",2022-04-07,68.0,404560145,200000000,2022-06-16,6897,204,"Warner Bros.",70,11
"Fantastic Beasts: The Secrets of Dumbledore",2022-04-07,68.0,404560145,200000000,2022-06-19,7118,63,"Warner Bros.",73,11
"Fantastic Beasts: The Secrets of Dumbledore",2022-04-07,68.0,404560145,200000000,2022-06-20,4093,63,"Warner Bros.",74,11
"Fantastic Beasts: The Secrets of Dumbledore",2022-04-07,68.0,404560145,200000000,2022-06-21,3645,63,"Warner Bros.",75,11
"Fantastic Beasts: The Secrets of Dumbledore",2022-04-07,68.0,404560145,200000000,2022-06-22,2905,63,"Warner Bros.",76,11
"Fantastic Beasts: The Secrets of Dumbledore",2022-04-07,68.0,404560145,200000000,2022-06-23,2878,63,"Warner Bros.",77,12
"Fantastic Beasts: The Secrets of Dumbledore",2022-04-07,68.0,404560145,200000000,2022-06-25,14908,51,"Warner Bros.",79,12
"Fantastic Beasts: The Secrets of Dumbledore",2022-04-07,68.0,404560145,200000000,2022-06-26,5898,51,"Warner Bros.",80,12
"Fantastic Beasts: The Secrets of Dumbledore",2022-04-07,68.0,404560145,200000000,2022-06-27,3181,51,"Warner Bros.",81,12
"Fantastic Beasts: The Secrets of Dumbledore",2022-04-07,68.0,404560145,200000000,2022-06-28,2960,51,"Warner Bros.",82,12
"Fantastic Beasts: The Secrets of Dumbledore",2022-04-07,68.0,404560145,200000000,2022-06-29,2791,51,"Warner Bros.",83,12
"Fantastic Beasts: The Secrets of Dumbledore",2022-04-07,68.0,404560145,200000000,2022-06-30,2542,51,"Warner Bros.",84,13
"The Flash",2023-06-16,NULL,1240262,200000000,2023-06-16,24500000,4234,"Warner Bros.",0,1
"The Flash",2023-06-16,NULL,1240262,200000000,2023-06-17,15700000,4234,"Warner Bros.",1,1
"The Flash",2023-06-16,NULL,1240262,200000000,2023-06-18,15355986,4234,"Warner Bros.",2,1
"The Flash",2023-06-16,NULL,1240262,200000000,2023-06-19,6160801,4234,"Warner Bros.",3,1
"The Flash",2023-06-16,NULL,1240262,200000000,2023-06-20,5268381,4234,"Warner Bros.",4,1
"The Flash",2023-06-16,NULL,1240262,200000000,2023-06-21,3077896,4234,"Warner Bros.",5,1
"The Flash",2023-06-16,NULL,1240262,200000000,2023-06-22,2827746,4234,"Warner Bros.",6,1
"The Flash",2023-06-16,NULL,1240262,200000000,2023-06-23,4500000,4256,"Warner Bros.",7,2
"The Flash",2023-06-16,NULL,1240262,200000000,2023-06-24,6101134,4256,"Warner Bros.",8,2
"The Flash",2023-06-16,NULL,1240262,200000000,2023-06-25,4549010,4256,"Warner Bros.",9,2
"The Flash",2023-06-16,NULL,1240262,200000000,2023-06-26,1682472,4256,"Warner Bros.",10,2
"The Flash",2023-06-16,NULL,1240262,200000000,2023-06-27,2401390,4256,"Warner Bros.",11,2
"The Flash",2023-06-16,NULL,1240262,200000000,2023-06-28,1545413,4256,"Warner Bros.",12,2
"The Flash",2023-06-16,NULL,1240262,200000000,2023-06-29,1100585,4256,"Warner Bros.",13,2
"The Flash",2023-06-16,NULL,1240262,200000000,2023-06-30,1430000,2718,"Warner Bros.",14,3
"The Flash",2023-06-16,NULL,1240262,200000000,2023-07-01,1930000,2718,"Warner Bros.",15,3
"The Flash",2023-06-16,NULL,1240262,200000000,2023-07-02,1870000,2718,"Warner Bros.",16,3
"The Flash",2023-06-16,NULL,1240262,200000000,2023-07-03,1172326,2718,"Warner Bros.",17,3
"The Flash",2023-06-16,NULL,1240262,200000000,2023-07-04,1071272,2718,"Warner Bros.",18,3
"The Flash",2023-06-16,NULL,1240262,200000000,2023-07-05,670043,2718,"Warner Bros.",19,3
"The Flash",2023-06-16,NULL,1240262,200000000,2023-07-06,543526,2718,"Warner Bros.",20,3
"The Flash",2023-06-16,NULL,1240262,200000000,2023-07-07,640000,1723,"Warner Bros.",21,4
"The Flash",2023-06-16,NULL,1240262,200000000,2023-07-08,904731,1723,"Warner Bros.",22,4
"The Flash",2023-06-16,NULL,1240262,200000000,2023-07-09,714743,1723,"Warner Bros.",23,4
"The Flash",2023-06-16,NULL,1240262,200000000,2023-07-10,312837,1723,"Warner Bros.",24,4
"The Flash",2023-06-16,NULL,1240262,200000000,2023-07-11,254183,1723,"Warner Bros.",25,4
"The Flash",2023-06-16,NULL,1240262,200000000,2023-07-12,153807,1723,"Warner Bros.",26,4
"The Flash",2023-06-16,NULL,1240262,200000000,2023-07-13,155486,1723,"Warner Bros.",27,4
"The Flash",2023-06-16,NULL,1240262,200000000,2023-07-14,200000,778,"Warner Bros.",28,5
"The Flash",2023-06-16,NULL,1240262,200000000,2023-07-15,304918,778,"Warner Bros.",29,5
"The Flash",2023-06-16,NULL,1240262,200000000,2023-07-16,240370,778,"Warner Bros.",30,5
"The Flash",2023-06-16,NULL,1240262,200000000,2023-07-17,103178,778,"Warner Bros.",31,5
"The Flash",2023-06-16,NULL,1240262,200000000,2023-07-18,140828,778,"Warner Bros.",32,5
"The Flash",2023-06-16,NULL,1240262,200000000,2023-07-19,95164,778,"Warner Bros.",33,5
"The Flash",2023-06-16,NULL,1240262,200000000,2023-07-20,55171,778,"Warner Bros.",34,5
"The Flash",2023-06-16,NULL,1240262,200000000,2023-07-22,120123,152,"Warner Bros.",36,6
"The Flash",2023-06-16,NULL,1240262,200000000,2023-07-23,111672,152,"Warner Bros.",37,6
"The Flash",2023-06-16,NULL,1240262,200000000,2023-07-24,35831,152,"Warner Bros.",38,6
"The Flash",2023-06-16,NULL,1240262,200000000,2023-07-25,57338,152,"Warner Bros.",39,6
"The Flash",2023-06-16,NULL,1240262,200000000,2023-07-26,40343,152,"Warner Bros.",40,6
"The Flash",2023-06-16,NULL,1240262,200000000,2023-07-27,19303,152,"Warner Bros.",41,6
"The Flash",2023-06-16,NULL,1240262,200000000,2023-07-29,75561,80,"Warner Bros.",43,7
"The Flash",2023-06-16,NULL,1240262,200000000,2023-07-30,52534,80,"Warner Bros.",44,7
"The Flash",2023-06-16,NULL,1240262,200000000,2023-07-31,18855,80,"Warner Bros.",45,7
"The Flash",2023-06-16,NULL,1240262,200000000,2023-08-01,34112,80,"Warner Bros.",46,7
"The Flash",2023-06-16,NULL,1240262,200000000,2023-08-02,21243,80,"Warner Bros.",47,7
"The Flash",2023-06-16,NULL,1240262,200000000,2023-08-03,19233,80,"Warner Bros.",48,7
"The Flash",2023-06-16,NULL,1240262,200000000,2023-08-05,30891,26,"Warner Bros.",50,8
"The Flash",2023-06-16,NULL,1240262,200000000,2023-08-06,16227,26,"Warner Bros.",51,8
"The Flash",2023-06-16,NULL,1240262,200000000,2023-08-07,501,26,"Warner Bros.",52,8
"The Flash",2023-06-16,NULL,1240262,200000000,2023-08-08,5371,26,"Warner Bros.",53,8
"The Flash",2023-06-16,NULL,1240262,200000000,2023-08-09,8103,26,"Warner Bros.",54,8
"The Flash",2023-06-16,NULL,1240262,200000000,2023-08-10,1160,26,"Warner Bros.",55,8
"The Flash",2023-06-16,NULL,1240262,200000000,2023-08-12,10237,16,"Warner Bros.",57,9
"The Flash",2023-06-16,NULL,1240262,200000000,2023-08-13,10795,16,"Warner Bros.",58,9
"The Flash",2023-06-16,NULL,1240262,200000000,2023-08-14,186,16,"Warner Bros.",59,9
"The Flash",2023-06-16,NULL,1240262,200000000,2023-08-15,7023,16,"Warner Bros.",60,9
"The Flash",2023-06-16,NULL,1240262,200000000,2023-08-16,6022,16,"Warner Bros.",61,9
"The Flash",2023-06-16,NULL,1240262,200000000,2023-08-17,189,16,"Warner Bros.",62,9
Trainwreck,2015-07-30,58.0,141123897,35000000,2015-08-02,2782635,2960,"Universal Pictures",3,1
"Fantastic Beasts: The Crimes of Grindelwald",2018-11-22,69.0,648455339,200000000,2019-01-24,22064,288,"Warner Bros.",63,10
Trainwreck,2015-07-30,58.0,141123897,35000000,2015-08-16,1018980,1998,"Universal Pictures",17,3
"Fantastic Beasts: The Crimes of Grindelwald",2018-11-22,69.0,648455339,200000000,2018-12-24,226170,682,"Warner Bros.",32,5
Trainwreck,2015-07-30,58.0,141123897,35000000,2015-10-12,7725,103,"Universal Pictures",74,11
"Fantastic Beasts: The Crimes of Grindelwald",2018-11-22,69.0,648455339,200000000,2018-12-26,308190,515,"Warner Bros.",34,5
"Fantastic Beasts: The Crimes of Grindelwald",2018-11-22,69.0,648455339,200000000,2018-12-22,335656,682,"Warner Bros.",30,5
"Justice League",2017-11-16,61.0,655945209,300000000,2018-02-14,18497,188,"Warner Bros.",90,13
"Justice League",2017-11-16,61.0,655945209,300000000,2017-12-07,1083490,3820,"Warner Bros.",21,4
"Fantastic Beasts: The Crimes of Grindelwald",2018-11-22,69.0,648455339,200000000,2019-02-04,8257,189,"Warner Bros.",74,11
Trainwreck,2015-07-30,58.0,141123897,35000000,2015-09-08,104650,808,"Universal Pictures",40,6
"Justice League",2017-11-16,61.0,655945209,300000000,2017-12-21,364855,2208,"Warner Bros.",35,6
"The Perks of Being a Wallflower",2012-11-29,78.0,33069303,13000000,2013-01-11,21783,100,Lionsgate,43,7
"The Perks of Being a Wallflower",2012-11-29,78.0,33069303,13000000,2013-01-13,16304,100,Lionsgate,45,7
"Fantastic Beasts: The Crimes of Grindelwald",2018-11-22,69.0,648455339,200000000,2019-01-15,35843,275,"Warner Bros.",54,8
"The Perks of Being a Wallflower",2012-11-29,78.0,33069303,13000000,2013-01-26,13092,56,Lionsgate,58,9
Trainwreck,2015-07-30,58.0,141123897,35000000,2015-08-22,1073185,1333,"Universal Pictures",23,4
"Fantastic Beasts: The Crimes of Grindelwald",2018-11-22,69.0,648455339,200000000,2019-01-29,13876,212,"Warner Bros.",68,10
"The Perks of Being a Wallflower",2012-11-29,78.0,33069303,13000000,2012-12-25,13794,126,Lionsgate,26,4
Trainwreck,2015-07-30,58.0,141123897,35000000,2015-07-30,1839180,3171,"Universal Pictures",0,1
Trainwreck,2015-07-30,58.0,141123897,35000000,2015-09-04,367980,808,"Universal Pictures",36,6
"Justice League",2017-11-16,61.0,655945209,300000000,2018-01-22,9903,151,"Warner Bros.",67,10
Trainwreck,2015-07-30,58.0,141123897,35000000,2015-08-25,299925,1333,"Universal Pictures",26,4
"Justice League",2017-11-16,61.0,655945209,300000000,2018-03-12,3670,62,"Warner Bros.",116,17
Trainwreck,2015-07-30,58.0,141123897,35000000,2015-09-01,167420,957,"Universal Pictures",33,5
"Fantastic Beasts: The Crimes of Grindelwald",2018-11-22,69.0,648455339,200000000,2018-12-21,242880,682,"Warner Bros.",29,5
"The Perks of Being a Wallflower",2012-11-29,78.0,33069303,13000000,2012-12-28,29213,125,Lionsgate,29,5
"Justice League",2017-11-16,61.0,655945209,300000000,2018-03-05,3198,101,"Warner Bros.",109,16
"The Perks of Being a Wallflower",2012-11-29,78.0,33069303,13000000,2012-12-11,16656,175,Lionsgate,12,2
"Fantastic Beasts: The Crimes of Grindelwald",2018-11-22,69.0,648455339,200000000,2019-02-19,5909,104,"Warner Bros.",89,13
"Fantastic Beasts: The Crimes of Grindelwald",2018-11-22,69.0,648455339,200000000,2018-12-01,5020876,3851,"Warner Bros.",9,2
"The Perks of Being a Wallflower",2012-11-29,78.0,33069303,13000000,2013-01-08,9101,98,Lionsgate,40,6
"Justice League",2017-11-16,61.0,655945209,300000000,2018-03-13,4412,62,"Warner Bros.",117,17
"Justice League",2017-11-16,61.0,655945209,300000000,2018-01-17,18156,226,"Warner Bros.",62,9
"Fantastic Beasts: The Crimes of Grindelwald",2018-11-22,69.0,648455339,200000000,2018-12-03,828259,3851,"Warner Bros.",11,2
"The Perks of Being a Wallflower",2012-11-29,78.0,33069303,13000000,2012-12-22,29341,141,Lionsgate,23,4
"Fantastic Beasts: The Crimes of Grindelwald",2018-11-22,69.0,648455339,200000000,2019-01-13,80186,275,"Warner Bros.",52,8
"Fantastic Beasts: The Crimes of Grindelwald",2018-11-22,69.0,648455339,200000000,2019-01-23,19481,288,"Warner Bros.",62,9
Trainwreck,2015-07-30,58.0,141123897,35000000,2015-09-16,66420,738,"Universal Pictures",48,7
Trainwreck,2015-07-30,58.0,141123897,35000000,2015-09-14,70110,738,"Universal Pictures",46,7
"Fantastic Beasts: The Crimes of Grindelwald",2018-11-22,69.0,648455339,200000000,2019-02-06,9530,189,"Warner Bros.",76,11
"Fantastic Beasts: The Crimes of Grindelwald",2018-11-22,69.0,648455339,200000000,2018-12-08,3120787,3451,"Warner Bros.",16,3
"Justice League",2017-11-16,61.0,655945209,300000000,2017-12-28,403510,1101,"Warner Bros.",42,7
"Justice League",2017-11-16,61.0,655945209,300000000,2017-12-19,735647,2702,"Warner Bros.",33,5
"Fantastic Beasts: The Crimes of Grindelwald",2018-11-22,69.0,648455339,200000000,2018-12-17,430155,2606,"Warner Bros.",25,4
"Justice League",2017-11-16,61.0,655945209,300000000,2018-02-20,9519,144,"Warner Bros.",96,14
"Fantastic Beasts: The Crimes of Grindelwald",2018-11-22,69.0,648455339,200000000,2019-02-05,11498,189,"Warner Bros.",75,11
"Fantastic Beasts: The Crimes of Grindelwald",2018-11-22,69.0,648455339,200000000,2019-02-12,5686,149,"Warner Bros.",82,12
"The Perks of Being a Wallflower",2012-11-29,78.0,33069303,13000000,2013-01-07,9246,98,Lionsgate,39,6
"Justice League",2017-11-16,61.0,655945209,300000000,2017-12-04,1138122,3820,"Warner Bros.",18,3
"Fantastic Beasts: The Crimes of Grindelwald",2018-11-22,69.0,648455339,200000000,2019-01-10,37707,401,"Warner Bros.",49,8
"Justice League",2017-11-16,61.0,655945209,300000000,2017-12-27,386372,1101,"Warner Bros.",41,6
"Fantastic Beasts: The Crimes of Grindelwald",2018-11-22,69.0,648455339,200000000,2018-12-16,1185111,2606,"Warner Bros.",24,4
"Fantastic Beasts: The Crimes of Grindelwald",2018-11-22,69.0,648455339,200000000,2018-12-15,1582248,2606,"Warner Bros.",23,4
"Justice League",2017-11-16,61.0,655945209,300000000,2018-01-24,9636,151,"Warner Bros.",69,10
"Justice League",2017-11-16,61.0,655945209,300000000,2018-01-19,32850,151,"Warner Bros.",64,10
"The Perks of Being a Wallflower",2012-11-29,78.0,33069303,13000000,2012-12-26,21740,126,Lionsgate,27,4
"Fantastic Beasts: The Crimes of Grindelwald",2018-11-22,69.0,648455339,200000000,2018-11-27,2234749,4163,"Warner Bros.",5,1
"Justice League",2017-11-16,61.0,655945209,300000000,2017-11-23,8463624,4051,"Warner Bros.",7,2
"The Perks of Being a Wallflower",2012-11-29,78.0,33069303,13000000,2012-12-29,33505,125,Lionsgate,30,5
"Justice League",2017-11-16,61.0,655945209,300000000,2018-02-05,15849,202,"Warner Bros.",81,12
"Fantastic Beasts: The Crimes of Grindelwald",2018-11-22,69.0,648455339,200000000,2018-11-26,1594100,4163,"Warner Bros.",4,1
"Justice League",2017-11-16,61.0,655945209,300000000,2018-01-23,11402,151,"Warner Bros.",68,10
Trainwreck,2015-07-30,58.0,141123897,35000000,2015-08-11,1022625,2525,"Universal Pictures",12,2
"Justice League",2017-11-16,61.0,655945209,300000000,2018-02-13,11406,188,"Warner Bros.",89,13
"The Perks of Being a Wallflower",2012-11-29,78.0,33069303,13000000,2013-01-23,4067,73,Lionsgate,55,8
"Justice League",2017-11-16,61.0,655945209,300000000,2017-11-29,1902337,4051,"Warner Bros.",13,2
"Fantastic Beasts: The Crimes of Grindelwald",2018-11-22,69.0,648455339,200000000,2018-12-07,1783921,3451,"Warner Bros.",15,3
"Fantastic Beasts: The Crimes of Grindelwald",2018-11-22,69.0,648455339,200000000,2019-02-09,35546,149,"Warner Bros.",79,12
Trainwreck,2015-07-30,58.0,141123897,35000000,2015-08-04,1525220,2960,"Universal Pictures",5,1
"The Perks of Being a Wallflower",2012-11-29,78.0,33069303,13000000,2013-01-30,2405,56,Lionsgate,62,9
"Justice League",2017-11-16,61.0,655945209,300000000,2018-03-14,4209,62,"Warner Bros.",118,17
"Fantastic Beasts: The Crimes of Grindelwald",2018-11-22,69.0,648455339,200000000,2019-02-14,11861,149,"Warner Bros.",84,13
"The Perks of Being a Wallflower",2012-11-29,78.0,33069303,13000000,2013-01-04,27063,98,Lionsgate,36,6
"The Perks of Being a Wallflower",2012-11-29,78.0,33069303,13000000,2013-02-02,7359,37,Lionsgate,65,10
"Justice League",2017-11-16,61.0,655945209,300000000,2018-02-01,20529,244,"Warner Bros.",77,12
"Justice League",2017-11-16,61.0,655945209,300000000,2017-12-12,1094377,3508,"Warner Bros.",26,4
"Fantastic Beasts: The Crimes of Grindelwald",2018-11-22,69.0,648455339,200000000,2019-01-05,262992,401,"Warner Bros.",44,7
"Justice League",2017-11-16,61.0,655945209,300000000,2017-12-24,247363,1101,"Warner Bros.",38,6
"The Perks of Being a Wallflower",2012-11-29,78.0,33069303,13000000,2012-12-03,17808,189,Lionsgate,4,1
"The Perks of Being a Wallflower",2012-11-29,78.0,33069303,13000000,2013-01-10,9550,98,Lionsgate,42,7
Trainwreck,2015-07-30,58.0,141123897,35000000,2015-08-18,600030,1998,"Universal Pictures",19,3
